{
    "Kurset": {
        "Math": {
            "Profesori": "Arben",
            "Kreditet": 7,
            "Notat": [
                9.0,
                1.0
            ]
        },
        "Literature": {
            "Profesori": "Klea",
            "Kreditet": 7,
            "Notat": [
                3.0
            ]
        }
    },
    "Rekomandimet": {
        "Titulli": "Calculus Made Easy: Being a very-simplest introduction to those beautiful methods which are generally called by the terrifying names of the Differential Calculus and the Integral Calculus",
        "Url": ""
    }
}